[{"domain": ".trax-cloud.cn", "expiry": 1585282463, "httpOnly": false, "name": "mp_d8fa48cc76f1bff6818604bf7363b0b0_mixpanel", "path": "/", "secure": false, "value": "%7B%22distinct_id%22%3A%2029894980%2C%22%24device_id%22%3A%20%22169c2814439974-06d5c68f231906-12306d51-13c680-169c281443a54b%22%2C%22%24initial_referrer%22%3A%20%22%24direct%22%2C%22%24initial_referring_domain%22%3A%20%22%24direct%22%2C%22%24user_id%22%3A%2029894980%2C%22User%20Id%22%3A%2029894980%2C%22Platform%22%3A%20%22Web%22%7D"}, {"domain": ".trax-cloud.cn", "expiry": 1553746504, "httpOnly": false, "name": "_gat", "path": "/", "secure": false, "value": "1"}, {"domain": ".trax-cloud.cn", "expiry": 1553832859, "httpOnly": false, "name": "_gid", "path": "/", "secure": false, "value": "GA1.2.237698591.1553746444"}, {"domain": ".trax-cloud.cn", "expiry": 1616818459, "httpOnly": false, "name": "_ga", "path": "/", "secure": false, "value": "GA1.2.1348840405.1553746444"}]