/home/konghaiyang/20190410/20190409233307-4d72a7a4-985c-4811-a763-86464ee9c451.jpg,35
/home/konghaiyang/20190410/20190409234547-f6f625f1-e3bb-4d24-9a49-e46ccdc9485e.jpg,9
/home/konghaiyang/20190410/20190409235703-dc5e654b-f2b5-41f3-b37e-230a3d2204fb.jpg,150
/home/konghaiyang/20190410/20190409232453-ffe95272-7c45-42d4-80ca-a8ac6e7309be.jpg,48
/home/konghaiyang/20190410/20190409234424-fc59c004-a47c-47cc-a88a-b528b2928eee.jpg,15
/home/konghaiyang/20190410/20190409235725-b2649417-20e0-4b6e-b399-b13fb5381f5a.jpg,128
/home/konghaiyang/20190410/20190409235601-a6ab3c63-0cb2-4b9d-870d-917c073ee2b8.jpg,69
/home/konghaiyang/20190410/20190409234550-ee126157-6d82-4c1e-9494-46cd18b08b80.jpg,27
/home/konghaiyang/20190410/20190409234616-7e0624d9-9d2b-4518-aacf-81ee02d787b9.jpg,90
/home/konghaiyang/20190410/20190409232839-544454c8-3c1d-4ed0-b601-4be8ac51576b.jpg,45
/home/konghaiyang/20190410/20190409235554-c36b0566-3523-4124-b171-5fef751c81c5.jpg,55
/home/konghaiyang/20190410/20190409234537-7b63dce1-7841-4eb8-9516-5da1bdc44925.jpg,25
/home/konghaiyang/20190410/20190409235713-aa5eb161-c133-4a6e-89cd-d0e00b3c0952.jpg,65
/home/konghaiyang/20190410/20190409235953-b4e201f6-b8d2-4edc-9e33-cbdb41137822.jpg,48
/home/konghaiyang/20190410/20190409234559-c2d071bd-cc30-4a43-b736-6f69548dfb58.jpg,46
/home/konghaiyang/20190410/20190409235433-74a33be6-da98-41e0-b4ce-194bc94081e7.jpg,72
/home/konghaiyang/20190410/20190409235848-ea0020af-1d2a-4a6f-a3bb-4e26e5215d68.jpg,28
/home/konghaiyang/20190410/20190410000113-297567c9-a81a-49ef-889e-4e953a84ff93.jpg,23
/home/konghaiyang/20190410/20190410000154-a2ccd4b9-2874-4118-ad92-d45b10c76348.jpg,65
/home/konghaiyang/20190410/20190409234431-b3d6c23f-14c0-4dc8-9e97-2830be0d09fc.jpg,12
/home/konghaiyang/20190410/20190409232102-754e81c7-ec1c-46c1-aeea-a91ff10dfa87.jpg,63
/home/konghaiyang/20190410/20190410000005-09a113a7-2436-4d1e-ab3f-de2eb83014c0.jpg,59
/home/konghaiyang/20190410/20190409232833-e2b09e97-0346-421f-ba94-52909bef3734.jpg,45
/home/konghaiyang/20190410/20190409234534-90c475f3-1829-457b-bb8a-9737cacce3ea.jpg,47
/home/konghaiyang/20190410/20190409234251-f5ba286a-209a-4972-90f9-778e4ad9d74f.jpg,72
/home/konghaiyang/20190410/20190409235938-7605dfb7-9e76-4617-b309-e139de071cce.jpg,67
/home/konghaiyang/20190410/20190409234428-f086f34a-11a7-4e56-ab81-781d17bb2c9a.jpg,11
/home/konghaiyang/20190410/20190409235720-186bb4be-ade6-4994-b65a-3b99893ec630.jpg,110
/home/konghaiyang/20190410/20190410000032-614ff06b-306e-4fae-839a-6e57b58b077a.jpg,25
/home/konghaiyang/20190410/20190409235429-ce1b9c5e-df15-44aa-b7c3-4dd617d91718.jpg,76
/home/konghaiyang/20190410/20190409234542-4256222d-9bb4-48c4-8b9d-18462f80e2a9.jpg,58
/home/konghaiyang/20190410/20190410000311-d2f52b1e-ee19-4cb7-9639-c6b165bef16c.jpg,67
/home/konghaiyang/20190410/20190409235830-70700381-cdcf-4f5f-a7f3-8f406694503d.jpg,46
/home/konghaiyang/20190410/20190409232829-a809978c-c3a5-4973-ac20-7b55c8a6ef09.jpg,34
/home/konghaiyang/20190410/20190410000314-00808ad1-5a10-4551-8a00-1c35ba45acd4.jpg,68
/home/konghaiyang/20190410/20190409232650-912a628e-f5c4-4fb1-8082-748d147f86e5.jpg,20
/home/konghaiyang/20190410/20190409235612-6250874b-e859-44e4-b1a2-40986f2be1bb.jpg,46
/home/konghaiyang/20190410/20190409232604-e37f21e1-1e7f-4e3a-ba24-a9e5cf70426c.jpg,8
/home/konghaiyang/20190410/20190410000151-8678eab1-cb34-4d7b-ab48-7f0548a063d2.jpg,68
/home/konghaiyang/20190410/20190410000110-6f996da8-0304-4207-bc93-cd64bbcc5798.jpg,22
/home/konghaiyang/20190410/20190409232055-214bd8df-f8af-4875-9234-fbb862906d95.jpg,127
/home/konghaiyang/20190410/20190410000310-4a464b93-3bfb-487c-8b36-62690d35d307.jpg,25
/home/konghaiyang/20190410/20190409234247-aefde018-72a7-4a16-aad0-be975d954673.jpg,114
/home/konghaiyang/20190410/20190409235930-5968faaf-e526-45a3-b8d7-adf9ac277e3b.jpg,89
/home/konghaiyang/20190410/20190410000036-e47d2dec-d592-4fa0-b2fe-ec3a70d7dcf2.jpg,62
/home/konghaiyang/20190410/20190409234956-4b9d3eff-758f-44b8-86a4-d5ca75be8c76.jpg,57
/home/konghaiyang/20190410/20190409233206-096c08b9-f82b-4fcd-b2f4-eebae387eb3b.jpg,51
/home/konghaiyang/20190410/20190409234556-58013dda-1e80-491a-be2f-98b283576561.jpg,39
